,Pclass,Age,Parch,Fare,relatives,sex_female,sex_male,alone_No,alone_Yes,emb_C,emb_Q,emb_S,deck_0,deck_1,deck_2,deck_3,deck_4,deck_5,deck_6,deck_7,deck_8
0,3,22,0,7,1,0,1,1,0,0,0,1,0,0,0,0,0,0,0,0,1
1,1,38,0,71,1,1,0,1,0,1,0,0,0,0,0,1,0,0,0,0,0
2,3,26,0,7,0,1,0,0,1,0,0,1,0,0,0,0,0,0,0,0,1
3,1,35,0,53,1,1,0,1,0,0,0,1,0,0,0,1,0,0,0,0,0
4,3,35,0,8,0,0,1,0,1,0,0,1,0,0,0,0,0,0,0,0,1
5,3,39,0,8,0,0,1,0,1,0,1,0,0,0,0,0,0,0,0,0,1
6,1,54,0,51,0,0,1,0,1,0,0,1,0,0,0,0,0,1,0,0,0
7,3,2,1,21,4,0,1,1,0,0,0,1,0,0,0,0,0,0,0,0,1
8,3,27,2,11,2,1,0,1,0,0,0,1,0,0,0,0,0,0,0,0,1
9,2,14,0,30,1,1,0,1,0,1,0,0,0,0,0,0,0,0,0,0,1
10,3,4,1,16,2,1,0,1,0,0,0,1,0,0,0,0,0,0,0,1,0
11,1,58,0,26,0,1,0,0,1,0,0,1,0,0,0,1,0,0,0,0,0
12,3,20,0,8,0,0,1,0,1,0,0,1,0,0,0,0,0,0,0,0,1
13,3,39,5,31,6,0,1,1,0,0,0,1,0,0,0,0,0,0,0,0,1
14,3,14,0,7,0,1,0,0,1,0,0,1,0,0,0,0,0,0,0,0,1
15,2,55,0,16,0,1,0,0,1,0,0,1,0,0,0,0,0,0,0,0,1
16,3,2,1,29,5,0,1,1,0,0,1,0,0,0,0,0,0,0,0,0,1
17,2,41,0,13,0,0,1,0,1,0,0,1,0,0,0,0,0,0,0,0,1
18,3,31,0,18,1,1,0,1,0,0,0,1,0,0,0,0,0,0,0,0,1
19,3,23,0,7,0,1,0,0,1,1,0,0,0,0,0,0,0,0,0,0,1
20,2,35,0,26,0,0,1,0,1,0,0,1,0,0,0,0,0,0,0,0,1
21,2,34,0,13,0,0,1,0,1,0,0,1,0,0,0,0,1,0,0,0,0
22,3,15,0,8,0,1,0,0,1,0,1,0,0,0,0,0,0,0,0,0,1
23,1,28,0,35,0,0,1,0,1,0,0,1,0,1,0,0,0,0,0,0,0
24,3,8,1,21,4,1,0,1,0,0,0,1,0,0,0,0,0,0,0,0,1
25,3,38,5,31,6,1,0,1,0,0,0,1,0,0,0,0,0,0,0,0,1
26,3,39,0,7,0,0,1,0,1,1,0,0,0,0,0,0,0,0,0,0,1
27,1,19,2,263,5,0,1,1,0,0,0,1,0,0,0,1,0,0,0,0,0
28,3,35,0,7,0,1,0,0,1,0,1,0,0,0,0,0,0,0,0,0,1
29,3,40,0,7,0,0,1,0,1,0,0,1,0,0,0,0,0,0,0,0,1
30,1,40,0,27,0,0,1,0,1,1,0,0,0,0,0,0,0,0,0,0,1
31,1,20,0,146,1,1,0,1,0,1,0,0,0,0,1,0,0,0,0,0,0
32,3,16,0,7,0,1,0,0,1,0,1,0,0,0,0,0,0,0,0,0,1
33,2,66,0,10,0,0,1,0,1,0,0,1,0,0,0,0,0,0,0,0,1
34,1,28,0,82,1,0,1,1,0,1,0,0,0,0,0,0,0,0,0,0,1
35,1,42,0,52,1,0,1,1,0,0,0,1,0,0,0,0,0,0,0,0,1
36,3,28,0,7,0,0,1,0,1,1,0,0,0,0,0,0,0,0,0,0,1
37,3,21,0,8,0,0,1,0,1,0,0,1,0,0,0,0,0,0,0,0,1
38,3,18,0,18,2,1,0,1,0,0,0,1,0,0,0,0,0,0,0,0,1
39,3,14,0,11,1,1,0,1,0,1,0,0,0,0,0,0,0,0,0,0,1
40,3,40,0,9,1,1,0,1,0,0,0,1,0,0,0,0,0,0,0,0,1
41,2,27,0,21,1,1,0,1,0,0,0,1,0,0,0,0,0,0,0,0,1
42,3,33,0,7,0,0,1,0,1,1,0,0,0,0,0,0,0,0,0,0,1
43,2,3,2,41,3,1,0,1,0,1,0,0,0,0,0,0,0,0,0,0,1
44,3,19,0,7,0,1,0,0,1,0,1,0,0,0,0,0,0,0,0,0,1
45,3,34,0,8,0,0,1,0,1,0,0,1,0,0,0,0,0,0,0,0,1
46,3,28,0,15,1,0,1,1,0,0,1,0,0,0,0,0,0,0,0,0,1
47,3,22,0,7,0,1,0,0,1,0,1,0,0,0,0,0,0,0,0,0,1
48,3,33,0,21,2,0,1,1,0,1,0,0,0,0,0,0,0,0,0,0,1
49,3,18,0,17,1,1,0,1,0,0,0,1,0,0,0,0,0,0,0,0,1
50,3,7,1,39,5,0,1,1,0,0,0,1,0,0,0,0,0,0,0,0,1
51,3,21,0,7,0,0,1,0,1,0,0,1,0,0,0,0,0,0,0,0,1
52,1,49,0,76,1,1,0,1,0,1,0,0,0,0,0,0,1,0,0,0,0
53,2,29,0,26,1,1,0,1,0,0,0,1,0,0,0,0,0,0,0,0,1
54,1,65,1,61,1,0,1,1,0,1,0,0,0,0,1,0,0,0,0,0,0
55,1,23,0,35,0,0,1,0,1,0,0,1,0,0,0,1,0,0,0,0,0
56,2,21,0,10,0,1,0,0,1,0,0,1,0,0,0,0,0,0,0,0,1
57,3,28,0,7,0,0,1,0,1,1,0,0,0,0,0,0,0,0,0,0,1
58,2,5,2,27,3,1,0,1,0,0,0,1,0,0,0,0,0,0,0,0,1
59,3,11,2,46,7,0,1,1,0,0,0,1,0,0,0,0,0,0,0,0,1
60,3,22,0,7,0,0,1,0,1,1,0,0,0,0,0,0,0,0,0,0,1
61,1,38,0,80,0,1,0,0,1,0,0,1,0,0,1,0,0,0,0,0,0
62,1,45,0,83,1,0,1,1,0,0,0,1,0,0,0,1,0,0,0,0,0
63,3,4,2,27,5,0,1,1,0,0,0,1,0,0,0,0,0,0,0,0,1
64,1,35,0,27,0,0,1,0,1,1,0,0,0,0,0,0,0,0,0,0,1
65,3,16,1,15,2,0,1,1,0,1,0,0,0,0,0,0,0,0,0,0,1
66,2,29,0,10,0,1,0,0,1,0,0,1,0,0,0,0,0,0,1,0,0
67,3,19,0,8,0,0,1,0,1,0,0,1,0,0,0,0,0,0,0,0,1
68,3,17,2,7,6,1,0,1,0,0,0,1,0,0,0,0,0,0,0,0,1
69,3,26,0,8,2,0,1,1,0,0,0,1,0,0,0,0,0,0,0,0,1
70,2,32,0,10,0,0,1,0,1,0,0,1,0,0,0,0,0,0,0,0,1
71,3,16,2,46,7,1,0,1,0,0,0,1,0,0,0,0,0,0,0,0,1
72,2,21,0,73,0,0,1,0,1,0,0,1,0,0,0,0,0,0,0,0,1
73,3,26,0,14,1,0,1,1,0,1,0,0,0,0,0,0,0,0,0,0,1
74,3,32,0,56,0,0,1,0,1,0,0,1,0,0,0,0,0,0,0,0,1
75,3,25,0,7,0,0,1,0,1,0,0,1,0,0,0,0,0,0,1,0,0
76,3,24,0,7,0,0,1,0,1,0,0,1,0,0,0,0,0,0,0,0,1
77,3,42,0,8,0,0,1,0,1,0,0,1,0,0,0,0,0,0,0,0,1
78,2,0,2,29,2,0,1,1,0,0,0,1,0,0,0,0,0,0,0,0,1
79,3,30,0,12,0,1,0,0,1,0,0,1,0,0,0,0,0,0,0,0,1
80,3,22,0,9,0,0,1,0,1,0,0,1,0,0,0,0,0,0,0,0,1
81,3,29,0,9,0,0,1,0,1,0,0,1,0,0,0,0,0,0,0,0,1
82,3,26,0,7,0,1,0,0,1,0,1,0,0,0,0,0,0,0,0,0,1
83,1,28,0,47,0,0,1,0,1,0,0,1,0,0,0,0,0,0,0,0,1
84,2,17,0,10,0,1,0,0,1,0,0,1,0,0,0,0,0,0,0,0,1
85,3,33,0,15,3,1,0,1,0,0,0,1,0,0,0,0,0,0,0,0,1
86,3,16,3,34,4,0,1,1,0,0,0,1,0,0,0,0,0,0,0,0,1
87,3,25,0,8,0,0,1,0,1,0,0,1,0,0,0,0,0,0,0,0,1
88,1,23,2,263,5,1,0,1,0,0,0,1,0,0,0,1,0,0,0,0,0
89,3,24,0,8,0,0,1,0,1,0,0,1,0,0,0,0,0,0,0,0,1
90,3,29,0,8,0,0,1,0,1,0,0,1,0,0,0,0,0,0,0,0,1
91,3,20,0,7,0,0,1,0,1,0,0,1,0,0,0,0,0,0,0,0,1
92,1,46,0,61,1,0,1,1,0,0,0,1,0,0,0,0,0,1,0,0,0
93,3,26,2,20,3,0,1,1,0,0,0,1,0,0,0,0,0,0,0,0,1
94,3,59,0,7,0,0,1,0,1,0,0,1,0,0,0,0,0,0,0,0,1
95,3,39,0,8,0,0,1,0,1,0,0,1,0,0,0,0,0,0,0,0,1
96,1,71,0,34,0,0,1,0,1,1,0,0,0,1,0,0,0,0,0,0,0
97,1,23,1,63,1,0,1,1,0,1,0,0,0,0,0,0,1,0,0,0,0
98,2,34,1,23,1,1,0,1,0,0,0,1,0,0,0,0,0,0,0,0,1
99,2,34,0,26,1,0,1,1,0,0,0,1,0,0,0,0,0,0,0,0,1
100,3,28,0,7,0,1,0,0,1,0,0,1,0,0,0,0,0,0,0,0,1
101,3,37,0,7,0,0,1,0,1,0,0,1,0,0,0,0,0,0,0,0,1
102,1,21,1,77,1,0,1,1,0,0,0,1,0,0,0,0,1,0,0,0,0
103,3,33,0,8,0,0,1,0,1,0,0,1,0,0,0,0,0,0,0,0,1
104,3,37,0,7,2,0,1,1,0,0,0,1,0,0,0,0,0,0,0,0,1
105,3,28,0,7,0,0,1,0,1,0,0,1,0,0,0,0,0,0,0,0,1
106,3,21,0,7,0,1,0,0,1,0,0,1,0,0,0,0,0,0,0,0,1
107,3,39,0,7,0,0,1,0,1,0,0,1,0,0,0,0,0,0,0,0,1
108,3,38,0,7,0,0,1,0,1,0,0,1,0,0,0,0,0,0,0,0,1
109,3,17,0,24,1,1,0,1,0,0,1,0,0,0,0,0,0,0,0,0,1
110,1,47,0,52,0,0,1,0,1,0,0,1,0,0,0,1,0,0,0,0,0
111,3,14,0,14,1,1,0,1,0,1,0,0,0,0,0,0,0,0,0,0,1
112,3,22,0,8,0,0,1,0,1,0,0,1,0,0,0,0,0,0,0,0,1
113,3,20,0,9,1,1,0,1,0,0,0,1,0,0,0,0,0,0,0,0,1
114,3,17,0,14,0,1,0,0,1,1,0,0,0,0,0,0,0,0,0,0,1
115,3,21,0,7,0,0,1,0,1,0,0,1,0,0,0,0,0,0,0,0,1
116,3,70,0,7,0,0,1,0,1,0,1,0,0,0,0,0,0,0,0,0,1
117,2,29,0,21,1,0,1,1,0,0,0,1,0,0,0,0,0,0,0,0,1
118,1,24,1,247,1,0,1,1,0,1,0,0,0,0,1,0,0,0,0,0,0
119,3,2,2,31,6,1,0,1,0,0,0,1,0,0,0,0,0,0,0,0,1
120,2,21,0,73,2,0,1,1,0,0,0,1,0,0,0,0,0,0,0,0,1
121,3,16,0,8,0,0,1,0,1,0,0,1,0,0,0,0,0,0,0,0,1
122,2,32,0,30,1,0,1,1,0,1,0,0,0,0,0,0,0,0,0,0,1
123,2,32,0,13,0,1,0,0,1,0,0,1,0,0,0,0,0,1,0,0,0
124,1,54,1,77,1,0,1,1,0,0,0,1,0,0,0,0,1,0,0,0,0
125,3,12,0,11,1,0,1,1,0,1,0,0,0,0,0,0,0,0,0,0,1
126,3,33,0,7,0,0,1,0,1,0,1,0,0,0,0,0,0,0,0,0,1
127,3,24,0,7,0,0,1,0,1,0,0,1,0,0,0,0,0,0,0,0,1
128,3,19,1,22,2,1,0,1,0,1,0,0,0,0,0,0,0,0,1,0,0
129,3,45,0,6,0,0,1,0,1,0,0,1,0,0,0,0,0,0,0,0,1
130,3,33,0,7,0,0,1,0,1,1,0,0,0,0,0,0,0,0,0,0,1
131,3,20,0,7,0,0,1,0,1,0,0,1,0,0,0,0,0,0,0,0,1
132,3,47,0,14,1,1,0,1,0,0,0,1,0,0,0,0,0,0,0,0,1
133,2,29,0,26,1,1,0,1,0,0,0,1,0,0,0,0,0,0,0,0,1
134,2,25,0,13,0,0,1,0,1,0,0,1,0,0,0,0,0,0,0,0,1
135,2,23,0,15,0,0,1,0,1,1,0,0,0,0,0,0,0,0,0,0,1
136,1,19,2,26,2,1,0,1,0,0,0,1,0,0,0,0,1,0,0,0,0
137,1,37,0,53,1,0,1,1,0,0,0,1,0,0,0,1,0,0,0,0,0
138,3,16,0,9,0,0,1,0,1,0,0,1,0,0,0,0,0,0,0,0,1
139,1,24,0,79,0,0,1,0,1,1,0,0,0,0,1,0,0,0,0,0,0
140,3,24,2,15,2,1,0,1,0,1,0,0,0,0,0,0,0,0,0,0,1
141,3,22,0,7,0,1,0,0,1,0,0,1,0,0,0,0,0,0,0,0,1
142,3,24,0,15,1,1,0,1,0,0,0,1,0,0,0,0,0,0,0,0,1
143,3,19,0,6,0,0,1,0,1,0,1,0,0,0,0,0,0,0,0,0,1
144,2,18,0,11,0,0,1,0,1,0,0,1,0,0,0,0,0,0,0,0,1
145,2,19,1,36,2,0,1,1,0,0,0,1,0,0,0,0,0,0,0,0,1
146,3,27,0,7,0,0,1,0,1,0,0,1,0,0,0,0,0,0,0,0,1
147,3,9,2,34,4,1,0,1,0,0,0,1,0,0,0,0,0,0,0,0,1
148,2,36,2,26,2,0,1,1,0,0,0,1,0,0,0,0,0,0,1,0,0
149,2,42,0,13,0,0,1,0,1,0,0,1,0,0,0,0,0,0,0,0,1
150,2,51,0,12,0,0,1,0,1,0,0,1,0,0,0,0,0,0,0,0,1
151,1,22,0,66,1,1,0,1,0,0,0,1,0,0,0,1,0,0,0,0,0
152,3,55,0,8,0,0,1,0,1,0,0,1,0,0,0,0,0,0,0,0,1
153,3,40,2,14,2,0,1,1,0,0,0,1,0,0,0,0,0,0,0,0,1
154,3,32,0,7,0,0,1,0,1,0,0,1,0,0,0,0,0,0,0,0,1
155,1,51,1,61,1,0,1,1,0,1,0,0,0,0,0,0,0,0,0,0,1
156,3,16,0,7,0,1,0,0,1,0,1,0,0,0,0,0,0,0,0,0,1
157,3,30,0,8,0,0,1,0,1,0,0,1,0,0,0,0,0,0,0,0,1
158,3,15,0,8,0,0,1,0,1,0,0,1,0,0,0,0,0,0,0,0,1
159,3,29,2,69,10,0,1,1,0,0,0,1,0,0,0,0,0,0,0,0,1
160,3,44,1,16,1,0,1,1,0,0,0,1,0,0,0,0,0,0,0,0,1
161,2,40,0,15,0,1,0,0,1,0,0,1,0,0,0,0,0,0,0,0,1
162,3,26,0,7,0,0,1,0,1,0,0,1,0,0,0,0,0,0,0,0,1
163,3,17,0,8,0,0,1,0,1,0,0,1,0,0,0,0,0,0,0,0,1
164,3,1,1,39,5,0,1,1,0,0,0,1,0,0,0,0,0,0,0,0,1
165,3,9,2,20,2,0,1,1,0,0,0,1,0,0,0,0,0,0,0,0,1
166,1,40,1,55,1,1,0,1,0,0,0,1,0,0,0,0,0,1,0,0,0
167,3,45,4,27,5,1,0,1,0,0,0,1,0,0,0,0,0,0,0,0,1
168,1,37,0,25,0,0,1,0,1,0,0,1,0,0,0,0,0,0,0,0,1
169,3,28,0,56,0,0,1,0,1,0,0,1,0,0,0,0,0,0,0,0,1
170,1,61,0,33,0,0,1,0,1,0,0,1,0,0,1,0,0,0,0,0,0
171,3,4,1,29,5,0,1,1,0,0,1,0,0,0,0,0,0,0,0,0,1
172,3,1,1,11,2,1,0,1,0,0,0,1,0,0,0,0,0,0,0,0,1
173,3,21,0,7,0,0,1,0,1,0,0,1,0,0,0,0,0,0,0,0,1
174,1,56,0,30,0,0,1,0,1,1,0,0,0,1,0,0,0,0,0,0,0
175,3,18,1,7,2,0,1,1,0,0,0,1,0,0,0,0,0,0,0,0,1
176,3,23,1,25,4,0,1,1,0,0,0,1,0,0,0,0,0,0,0,0,1
177,1,50,0,28,0,1,0,0,1,1,0,0,0,0,0,1,0,0,0,0,0
178,2,30,0,13,0,0,1,0,1,0,0,1,0,0,0,0,0,0,0,0,1
179,3,36,0,0,0,0,1,0,1,0,0,1,0,0,0,0,0,0,0,0,1
180,3,40,2,69,10,1,0,1,0,0,0,1,0,0,0,0,0,0,0,0,1
181,2,15,0,15,0,0,1,0,1,1,0,0,0,0,0,0,0,0,0,0,1
182,3,9,2,31,6,0,1,1,0,0,0,1,0,0,0,0,0,0,0,0,1
183,2,1,1,39,3,0,1,1,0,0,0,1,0,0,0,0,0,0,1,0,0
184,3,4,2,22,2,1,0,1,0,0,0,1,0,0,0,0,0,0,0,0,1
185,1,29,0,50,0,0,1,0,1,0,0,1,0,1,0,0,0,0,0,0,0
186,3,23,0,15,1,1,0,1,0,0,1,0,0,0,0,0,0,0,0,0,1
187,1,45,0,26,0,0,1,0,1,0,0,1,0,0,0,0,0,0,0,0,1
188,3,40,1,15,2,0,1,1,0,0,1,0,0,0,0,0,0,0,0,0,1
189,3,36,0,7,0,0,1,0,1,0,0,1,0,0,0,0,0,0,0,0,1
190,2,32,0,13,0,1,0,0,1,0,0,1,0,0,0,0,0,0,0,0,1
191,2,19,0,13,0,0,1,0,1,0,0,1,0,0,0,0,0,0,0,0,1
192,3,19,0,7,1,1,0,1,0,0,0,1,0,0,0,0,0,0,0,0,1
193,2,3,1,26,2,0,1,1,0,0,0,1,0,0,0,0,0,0,1,0,0
194,1,44,0,27,0,1,0,0,1,1,0,0,0,0,1,0,0,0,0,0,0
195,1,58,0,146,0,1,0,0,1,1,0,0,0,0,1,0,0,0,0,0,0
196,3,37,0,7,0,0,1,0,1,0,1,0,0,0,0,0,0,0,0,0,1
197,3,42,1,8,1,0,1,1,0,0,0,1,0,0,0,0,0,0,0,0,1
198,3,22,0,7,0,1,0,0,1,0,1,0,0,0,0,0,0,0,0,0,1
199,2,24,0,13,0,1,0,0,1,0,0,1,0,0,0,0,0,0,0,0,1
200,3,28,0,9,0,0,1,0,1,0,0,1,0,0,0,0,0,0,0,0,1
201,3,26,2,69,10,0,1,1,0,0,0,1,0,0,0,0,0,0,0,0,1
202,3,34,0,6,0,0,1,0,1,0,0,1,0,0,0,0,0,0,0,0,1
203,3,45,0,7,0,0,1,0,1,1,0,0,0,0,0,0,0,0,0,0,1
204,3,18,0,8,0,0,1,0,1,0,0,1,0,0,0,0,0,0,0,0,1
205,3,2,1,10,1,1,0,1,0,0,0,1,0,0,0,0,0,0,0,1,0
206,3,32,0,15,1,0,1,1,0,0,0,1,0,0,0,0,0,0,0,0,1
207,3,26,0,18,0,0,1,0,1,1,0,0,0,0,0,0,0,0,0,0,1
208,3,16,0,7,0,1,0,0,1,0,1,0,0,0,0,0,0,0,0,0,1
209,1,40,0,31,0,0,1,0,1,1,0,0,0,1,0,0,0,0,0,0,0
210,3,24,0,7,0,0,1,0,1,0,0,1,0,0,0,0,0,0,0,0,1
211,2,35,0,21,0,1,0,0,1,0,0,1,0,0,0,0,0,0,0,0,1
212,3,22,0,7,0,0,1,0,1,0,0,1,0,0,0,0,0,0,0,0,1
213,2,30,0,13,0,0,1,0,1,0,0,1,0,0,0,0,0,0,0,0,1
214,3,35,0,7,1,0,1,1,0,0,1,0,0,0,0,0,0,0,0,0,1
215,1,31,0,113,1,1,0,1,0,1,0,0,0,0,0,0,1,0,0,0,0
216,3,27,0,7,0,1,0,0,1,0,0,1,0,0,0,0,0,0,0,0,1
217,2,42,0,27,1,0,1,1,0,0,0,1,0,0,0,0,0,0,0,0,1
218,1,32,0,76,0,1,0,0,1,1,0,0,0,0,0,0,1,0,0,0,0
219,2,30,0,10,0,0,1,0,1,0,0,1,0,0,0,0,0,0,0,0,1
220,3,16,0,8,0,0,1,0,1,0,0,1,0,0,0,0,0,0,0,0,1
221,2,27,0,13,0,0,1,0,1,0,0,1,0,0,0,0,0,0,0,0,1
222,3,51,0,8,0,0,1,0,1,0,0,1,0,0,0,0,0,0,0,0,1
223,3,27,0,7,0,0,1,0,1,0,0,1,0,0,0,0,0,0,0,0,1
224,1,38,0,90,1,0,1,1,0,0,0,1,0,0,0,1,0,0,0,0,0
225,3,22,0,9,0,0,1,0,1,0,0,1,0,0,0,0,0,0,0,0,1
226,2,19,0,10,0,0,1,0,1,0,0,1,0,0,0,0,0,0,0,0,1
227,3,20,0,7,0,0,1,0,1,0,0,1,0,0,0,0,0,0,0,0,1
228,2,18,0,13,0,0,1,0,1,0,0,1,0,0,0,0,0,0,0,0,1
229,3,22,1,25,4,1,0,1,0,0,0,1,0,0,0,0,0,0,0,0,1
230,1,35,0,83,1,1,0,1,0,0,0,1,0,0,0,1,0,0,0,0,0
231,3,29,0,7,0,0,1,0,1,0,0,1,0,0,0,0,0,0,0,0,1
232,2,59,0,13,0,0,1,0,1,0,0,1,0,0,0,0,0,0,0,0,1
233,3,5,2,31,6,1,0,1,0,0,0,1,0,0,0,0,0,0,0,0,1
234,2,24,0,10,0,0,1,0,1,0,0,1,0,0,0,0,0,0,0,0,1
235,3,19,0,7,0,1,0,0,1,0,0,1,0,0,0,0,0,0,0,0,1
236,2,44,0,26,1,0,1,1,0,0,0,1,0,0,0,0,0,0,0,0,1
237,2,8,2,26,2,1,0,1,0,0,0,1,0,0,0,0,0,0,0,0,1
238,2,19,0,10,0,0,1,0,1,0,0,1,0,0,0,0,0,0,0,0,1
239,2,33,0,12,0,0,1,0,1,0,0,1,0,0,0,0,0,0,0,0,1
240,3,16,0,14,1,1,0,1,0,1,0,0,0,0,0,0,0,0,0,0,1
241,3,37,0,15,1,1,0,1,0,0,1,0,0,0,0,0,0,0,0,0,1
242,2,29,0,10,0,0,1,0,1,0,0,1,0,0,0,0,0,0,0,0,1
243,3,22,0,7,0,0,1,0,1,0,0,1,0,0,0,0,0,0,0,0,1
244,3,30,0,7,0,0,1,0,1,1,0,0,0,0,0,0,0,0,0,0,1
245,1,44,0,90,2,0,1,1,0,0,1,0,0,0,0,1,0,0,0,0,0
246,3,25,0,7,0,1,0,0,1,0,0,1,0,0,0,0,0,0,0,0,1
247,2,24,2,14,2,1,0,1,0,0,0,1,0,0,0,0,0,0,0,0,1
248,1,37,1,52,2,0,1,1,0,0,0,1,0,0,0,0,1,0,0,0,0
249,2,54,0,26,1,0,1,1,0,0,0,1,0,0,0,0,0,0,0,0,1
250,3,43,0,7,0,0,1,0,1,0,0,1,0,0,0,0,0,0,0,0,1
251,3,29,1,10,2,1,0,1,0,0,0,1,0,0,0,0,0,0,0,1,0
252,1,62,0,26,0,0,1,0,1,0,0,1,0,0,0,1,0,0,0,0,0
253,3,30,0,16,1,0,1,1,0,0,0,1,0,0,0,0,0,0,0,0,1
254,3,41,2,20,2,1,0,1,0,0,0,1,0,0,0,0,0,0,0,0,1
255,3,29,2,15,2,1,0,1,0,1,0,0,0,0,0,0,0,0,0,0,1
256,1,23,0,79,0,1,0,0,1,1,0,0,0,0,0,0,0,0,0,0,1
257,1,30,0,86,0,1,0,0,1,0,0,1,0,0,1,0,0,0,0,0,0
258,1,35,0,512,0,1,0,0,1,1,0,0,0,0,0,0,0,0,0,0,1
259,2,50,1,26,1,1,0,1,0,0,0,1,0,0,0,0,0,0,0,0,1
260,3,39,0,7,0,0,1,0,1,0,1,0,0,0,0,0,0,0,0,0,1
261,3,3,2,31,6,0,1,1,0,0,0,1,0,0,0,0,0,0,0,0,1
262,1,52,1,79,2,0,1,1,0,0,0,1,0,0,0,0,0,1,0,0,0
263,1,40,0,0,0,0,1,0,1,0,0,1,0,0,1,0,0,0,0,0,0
264,3,42,0,7,0,1,0,0,1,0,1,0,0,0,0,0,0,0,0,0,1
265,2,36,0,10,0,0,1,0,1,0,0,1,0,0,0,0,0,0,0,0,1
266,3,16,1,39,5,0,1,1,0,0,0,1,0,0,0,0,0,0,0,0,1
267,3,25,0,7,1,0,1,1,0,0,0,1,0,0,0,0,0,0,0,0,1
268,1,58,1,153,1,1,0,1,0,0,0,1,0,0,0,1,0,0,0,0,0
269,1,35,0,135,0,1,0,0,1,0,0,1,0,0,0,1,0,0,0,0,0
270,1,29,0,31,0,0,1,0,1,0,0,1,0,0,0,0,0,0,0,0,1
271,3,25,0,0,0,0,1,0,1,0,0,1,0,0,0,0,0,0,0,0,1
272,2,41,1,19,1,1,0,1,0,0,0,1,0,0,0,0,0,0,0,0,1
273,1,37,1,29,1,0,1,1,0,1,0,0,0,0,0,1,0,0,0,0,0
274,3,35,0,7,0,1,0,0,1,0,1,0,0,0,0,0,0,0,0,0,1
275,1,63,0,77,1,1,0,1,0,0,0,1,0,0,0,0,1,0,0,0,0
276,3,45,0,7,0,1,0,0,1,0,0,1,0,0,0,0,0,0,0,0,1
277,2,30,0,0,0,0,1,0,1,0,0,1,0,0,0,0,0,0,0,0,1
278,3,7,1,29,5,0,1,1,0,0,1,0,0,0,0,0,0,0,0,0,1
279,3,35,1,20,2,1,0,1,0,0,0,1,0,0,0,0,0,0,0,0,1
280,3,65,0,7,0,0,1,0,1,0,1,0,0,0,0,0,0,0,0,0,1
281,3,28,0,7,0,0,1,0,1,0,0,1,0,0,0,0,0,0,0,0,1
282,3,16,0,9,0,0,1,0,1,0,0,1,0,0,0,0,0,0,0,0,1
283,3,19,0,8,0,0,1,0,1,0,0,1,0,0,0,0,0,0,0,0,1
284,1,35,0,26,0,0,1,0,1,0,0,1,0,1,0,0,0,0,0,0,0
285,3,33,0,8,0,0,1,0,1,1,0,0,0,0,0,0,0,0,0,0,1
286,3,30,0,9,0,0,1,0,1,0,0,1,0,0,0,0,0,0,0,0,1
287,3,22,0,7,0,0,1,0,1,0,0,1,0,0,0,0,0,0,0,0,1
288,2,42,0,13,0,0,1,0,1,0,0,1,0,0,0,0,0,0,0,0,1
289,3,22,0,7,0,1,0,0,1,0,1,0,0,0,0,0,0,0,0,0,1
290,1,26,0,78,0,1,0,0,1,0,0,1,0,0,0,0,0,0,0,0,1
291,1,19,0,91,1,1,0,1,0,1,0,0,0,0,1,0,0,0,0,0,0
292,2,36,0,12,0,0,1,0,1,1,0,0,0,0,0,0,1,0,0,0,0
293,3,24,0,8,0,1,0,0,1,0,0,1,0,0,0,0,0,0,0,0,1
294,3,24,0,7,0,0,1,0,1,0,0,1,0,0,0,0,0,0,0,0,1
295,1,40,0,27,0,0,1,0,1,1,0,0,0,0,0,0,0,0,0,0,1
296,3,23,0,7,0,0,1,0,1,1,0,0,0,0,0,0,0,0,0,0,1
297,1,2,2,151,3,1,0,1,0,0,0,1,0,0,0,1,0,0,0,0,0
298,1,35,0,30,0,0,1,0,1,0,0,1,0,0,0,1,0,0,0,0,0
299,1,50,1,247,1,1,0,1,0,1,0,0,0,0,1,0,0,0,0,0,0
300,3,36,0,7,0,1,0,0,1,0,1,0,0,0,0,0,0,0,0,0,1
301,3,16,0,23,2,0,1,1,0,0,1,0,0,0,0,0,0,0,0,0,1
302,3,19,0,0,0,0,1,0,1,0,0,1,0,0,0,0,0,0,0,0,1
303,2,20,0,12,0,1,0,0,1,0,1,0,0,0,0,0,0,1,0,0,0
304,3,38,0,8,0,0,1,0,1,0,0,1,0,0,0,0,0,0,0,0,1
305,1,0,2,151,3,0,1,1,0,0,0,1,0,0,0,1,0,0,0,0,0
306,1,43,0,110,0,1,0,0,1,1,0,0,0,0,0,0,0,0,0,0,1
307,1,17,0,108,1,1,0,1,0,1,0,0,0,0,0,1,0,0,0,0,0
308,2,30,0,24,1,0,1,1,0,1,0,0,0,0,0,0,0,0,0,0,1
309,1,30,0,56,0,1,0,0,1,1,0,0,0,0,0,0,0,1,0,0,0
310,1,24,0,83,0,1,0,0,1,1,0,0,0,0,0,1,0,0,0,0,0
311,1,18,2,262,4,1,0,1,0,1,0,0,0,0,1,0,0,0,0,0,0
312,2,26,1,26,2,1,0,1,0,0,0,1,0,0,0,0,0,0,0,0,1
313,3,28,0,7,0,0,1,0,1,0,0,1,0,0,0,0,0,0,0,0,1
314,2,43,1,26,2,0,1,1,0,0,0,1,0,0,0,0,0,0,0,0,1
315,3,26,0,7,0,1,0,0,1,0,0,1,0,0,0,0,0,0,0,0,1
316,2,24,0,26,1,1,0,1,0,0,0,1,0,0,0,0,0,0,0,0,1
317,2,54,0,14,0,0,1,0,1,0,0,1,0,0,0,0,0,0,0,0,1
318,1,31,2,164,2,1,0,1,0,0,0,1,0,0,0,1,0,0,0,0,0
319,1,40,1,134,2,1,0,1,0,1,0,0,0,0,0,0,0,1,0,0,0
320,3,22,0,7,0,0,1,0,1,0,0,1,0,0,0,0,0,0,0,0,1
321,3,27,0,7,0,0,1,0,1,0,0,1,0,0,0,0,0,0,0,0,1
322,2,30,0,12,0,1,0,0,1,0,1,0,0,0,0,0,0,0,0,0,1
323,2,22,1,29,2,1,0,1,0,0,0,1,0,0,0,0,0,0,0,0,1
324,3,19,2,69,10,0,1,1,0,0,0,1,0,0,0,0,0,0,0,0,1
325,1,36,0,135,0,1,0,0,1,1,0,0,0,0,0,1,0,0,0,0,0
326,3,61,0,6,0,0,1,0,1,0,0,1,0,0,0,0,0,0,0,0,1
327,2,36,0,13,0,1,0,0,1,0,0,1,0,0,0,0,1,0,0,0,0
328,3,31,1,20,2,1,0,1,0,0,0,1,0,0,0,0,0,0,0,0,1
329,1,16,1,57,1,1,0,1,0,1,0,0,0,0,1,0,0,0,0,0,0
330,3,25,0,23,2,1,0,1,0,0,1,0,0,0,0,0,0,0,0,0,1
331,1,45,0,28,0,0,1,0,1,0,0,1,0,0,0,1,0,0,0,0,0
332,1,38,1,153,1,0,1,1,0,0,0,1,0,0,0,1,0,0,0,0,0
333,3,16,0,18,2,0,1,1,0,0,0,1,0,0,0,0,0,0,0,0,1
334,1,35,0,133,1,1,0,1,0,0,0,1,0,0,0,0,0,0,0,0,1
335,3,17,0,7,0,0,1,0,1,0,0,1,0,0,0,0,0,0,0,0,1
336,1,29,0,66,1,0,1,1,0,0,0,1,0,0,0,1,0,0,0,0,0
337,1,41,0,134,0,1,0,0,1,1,0,0,0,0,0,0,0,1,0,0,0
338,3,45,0,8,0,0,1,0,1,0,0,1,0,0,0,0,0,0,0,0,1
339,1,45,0,35,0,0,1,0,1,0,0,1,1,0,0,0,0,0,0,0,0
340,2,2,1,26,2,0,1,1,0,0,0,1,0,0,0,0,0,0,1,0,0
341,1,24,2,263,5,1,0,1,0,0,0,1,0,0,0,1,0,0,0,0,0
342,2,28,0,13,0,0,1,0,1,0,0,1,0,0,0,0,0,0,0,0,1
343,2,25,0,13,0,0,1,0,1,0,0,1,0,0,0,0,0,0,0,0,1
344,2,36,0,13,0,0,1,0,1,0,0,1,0,0,0,0,0,0,0,0,1
345,2,24,0,13,0,1,0,0,1,0,0,1,0,0,0,0,0,0,1,0,0
346,2,40,0,13,0,1,0,0,1,0,0,1,0,0,0,0,0,0,0,0,1
347,3,33,0,16,1,1,0,1,0,0,0,1,0,0,0,0,0,0,0,0,1
348,3,3,1,15,2,0,1,1,0,0,0,1,0,0,0,0,0,0,0,0,1
349,3,42,0,8,0,0,1,0,1,0,0,1,0,0,0,0,0,0,0,0,1
350,3,23,0,9,0,0,1,0,1,0,0,1,0,0,0,0,0,0,0,0,1
351,1,34,0,35,0,0,1,0,1,0,0,1,0,0,0,1,0,0,0,0,0
352,3,15,1,7,2,0,1,1,0,1,0,0,0,0,0,0,0,0,0,0,1
353,3,25,0,17,1,0,1,1,0,0,0,1,0,0,0,0,0,0,0,0,1
354,3,16,0,7,0,0,1,0,1,1,0,0,0,0,0,0,0,0,0,0,1
355,3,28,0,9,0,0,1,0,1,0,0,1,0,0,0,0,0,0,0,0,1
356,1,22,1,55,1,1,0,1,0,0,0,1,0,0,0,0,0,1,0,0,0
357,2,38,0,13,0,1,0,0,1,0,0,1,0,0,0,0,0,0,0,0,1
358,3,35,0,7,0,1,0,0,1,0,1,0,0,0,0,0,0,0,0,0,1
359,3,34,0,7,0,1,0,0,1,0,1,0,0,0,0,0,0,0,0,0,1
360,3,40,4,27,5,0,1,1,0,0,0,1,0,0,0,0,0,0,0,0,1
361,2,29,0,27,1,0,1,1,0,1,0,0,0,0,0,0,0,0,0,0,1
362,3,45,1,14,1,1,0,1,0,1,0,0,0,0,0,0,0,0,0,0,1
363,3,35,0,7,0,0,1,0,1,0,0,1,0,0,0,0,0,0,0,0,1
364,3,19,0,15,1,0,1,1,0,0,1,0,0,0,0,0,0,0,0,0,1
365,3,30,0,7,0,0,1,0,1,0,0,1,0,0,0,0,0,0,0,0,1
366,1,60,0,75,1,1,0,1,0,1,0,0,0,0,0,0,1,0,0,0,0
367,3,36,0,7,0,1,0,0,1,1,0,0,0,0,0,0,0,0,0,0,1
368,3,18,0,7,0,1,0,0,1,0,1,0,0,0,0,0,0,0,0,0,1
369,1,24,0,69,0,1,0,0,1,1,0,0,0,0,1,0,0,0,0,0,0
370,1,25,0,55,1,0,1,1,0,1,0,0,0,0,0,0,0,1,0,0,0
371,3,18,0,6,1,0,1,1,0,0,0,1,0,0,0,0,0,0,0,0,1
372,3,19,0,8,0,0,1,0,1,0,0,1,0,0,0,0,0,0,0,0,1
373,1,22,0,135,0,0,1,0,1,1,0,0,0,0,0,0,0,0,0,0,1
374,3,3,1,21,4,1,0,1,0,0,0,1,0,0,0,0,0,0,0,0,1
375,1,21,0,82,1,1,0,1,0,1,0,0,0,0,0,0,0,0,0,0,1
376,3,22,0,7,0,1,0,0,1,0,0,1,0,0,0,0,0,0,0,0,1
377,1,27,2,211,2,0,1,1,0,1,0,0,0,0,0,1,0,0,0,0,0
378,3,20,0,4,0,0,1,0,1,1,0,0,0,0,0,0,0,0,0,0,1
379,3,19,0,7,0,0,1,0,1,0,0,1,0,0,0,0,0,0,0,0,1
380,1,42,0,227,0,1,0,0,1,1,0,0,0,0,0,0,0,0,0,0,1
381,3,1,2,15,2,1,0,1,0,1,0,0,0,0,0,0,0,0,0,0,1
382,3,32,0,7,0,0,1,0,1,0,0,1,0,0,0,0,0,0,0,0,1
383,1,35,0,52,1,1,0,1,0,0,0,1,0,0,0,0,0,0,0,0,1
384,3,35,0,7,0,0,1,0,1,0,0,1,0,0,0,0,0,0,0,0,1
385,2,18,0,73,0,0,1,0,1,0,0,1,0,0,0,0,0,0,0,0,1
386,3,1,2,46,7,0,1,1,0,0,0,1,0,0,0,0,0,0,0,0,1
387,2,36,0,13,0,1,0,0,1,0,0,1,0,0,0,0,0,0,0,0,1
388,3,35,0,7,0,0,1,0,1,0,1,0,0,0,0,0,0,0,0,0,1
389,2,17,0,12,0,1,0,0,1,1,0,0,0,0,0,0,0,0,0,0,1
390,1,36,2,120,3,0,1,1,0,0,0,1,0,0,1,0,0,0,0,0,0
391,3,21,0,7,0,0,1,0,1,0,0,1,0,0,0,0,0,0,0,0,1
392,3,28,0,7,2,0,1,1,0,0,0,1,0,0,0,0,0,0,0,0,1
393,1,23,0,113,1,1,0,1,0,1,0,0,0,0,0,0,1,0,0,0,0
394,3,24,2,16,2,1,0,1,0,0,0,1,0,0,0,0,0,0,0,1,0
395,3,22,0,7,0,0,1,0,1,0,0,1,0,0,0,0,0,0,0,0,1
396,3,31,0,7,0,1,0,0,1,0,0,1,0,0,0,0,0,0,0,0,1
397,2,46,0,26,0,0,1,0,1,0,0,1,0,0,0,0,0,0,0,0,1
398,2,23,0,10,0,0,1,0,1,0,0,1,0,0,0,0,0,0,0,0,1
399,2,28,0,12,0,1,0,0,1,0,0,1,0,0,0,0,0,0,0,0,1
400,3,39,0,7,0,0,1,0,1,0,0,1,0,0,0,0,0,0,0,0,1
401,3,26,0,8,0,0,1,0,1,0,0,1,0,0,0,0,0,0,0,0,1
402,3,21,0,9,1,1,0,1,0,0,0,1,0,0,0,0,0,0,0,0,1
403,3,28,0,15,1,0,1,1,0,0,0,1,0,0,0,0,0,0,0,0,1
404,3,20,0,8,0,1,0,0,1,0,0,1,0,0,0,0,0,0,0,0,1
405,2,34,0,21,1,0,1,1,0,0,0,1,0,0,0,0,0,0,0,0,1
406,3,51,0,7,0,0,1,0,1,0,0,1,0,0,0,0,0,0,0,0,1
407,2,3,1,18,2,0,1,1,0,0,0,1,0,0,0,0,0,0,0,0,1
408,3,21,0,7,0,0,1,0,1,0,0,1,0,0,0,0,0,0,0,0,1
409,3,39,1,25,4,1,0,1,0,0,0,1,0,0,0,0,0,0,0,0,1
410,3,20,0,7,0,0,1,0,1,0,0,1,0,0,0,0,0,0,0,0,1
411,3,20,0,6,0,0,1,0,1,0,1,0,0,0,0,0,0,0,0,0,1
412,1,33,0,90,1,1,0,1,0,0,1,0,0,0,0,1,0,0,0,0,0
413,2,37,0,0,0,0,1,0,1,0,0,1,0,0,0,0,0,0,0,0,1
414,3,44,0,7,0,0,1,0,1,0,0,1,0,0,0,0,0,0,0,0,1
415,3,34,0,8,0,1,0,0,1,0,0,1,0,0,0,0,0,0,0,0,1
416,2,34,1,32,2,1,0,1,0,0,0,1,0,0,0,0,0,0,0,0,1
417,2,18,2,13,2,1,0,1,0,0,0,1,0,0,0,0,0,0,0,0,1
418,2,30,0,13,0,0,1,0,1,0,0,1,0,0,0,0,0,0,0,0,1
419,3,10,2,24,2,1,0,1,0,0,0,1,0,0,0,0,0,0,0,0,1
420,3,35,0,7,0,0,1,0,1,1,0,0,0,0,0,0,0,0,0,0,1
421,3,21,0,7,0,0,1,0,1,0,1,0,0,0,0,0,0,0,0,0,1
422,3,29,0,7,0,0,1,0,1,0,0,1,0,0,0,0,0,0,0,0,1
423,3,28,1,14,2,1,0,1,0,0,0,1,0,0,0,0,0,0,0,0,1
424,3,18,1,20,2,0,1,1,0,0,0,1,0,0,0,0,0,0,0,0,1
425,3,41,0,7,0,0,1,0,1,0,0,1,0,0,0,0,0,0,0,0,1
426,2,28,0,26,1,1,0,1,0,0,0,1,0,0,0,0,0,0,0,0,1
427,2,19,0,26,0,1,0,0,1,0,0,1,0,0,0,0,0,0,0,0,1
428,3,28,0,7,0,0,1,0,1,0,1,0,0,0,0,0,0,0,0,0,1
429,3,32,0,8,0,0,1,0,1,0,0,1,0,0,0,0,0,1,0,0,0
430,1,28,0,26,0,0,1,0,1,0,0,1,0,0,0,1,0,0,0,0,0
431,3,22,0,16,1,1,0,1,0,0,0,1,0,0,0,0,0,0,0,0,1
432,2,42,0,26,1,1,0,1,0,0,0,1,0,0,0,0,0,0,0,0,1
433,3,17,0,7,0,0,1,0,1,0,0,1,0,0,0,0,0,0,0,0,1
434,1,50,0,55,1,0,1,1,0,0,0,1,0,0,0,0,0,1,0,0,0
435,1,14,2,120,3,1,0,1,0,0,0,1,0,0,1,0,0,0,0,0,0
436,3,21,2,34,4,1,0,1,0,0,0,1,0,0,0,0,0,0,0,0,1
437,2,24,3,18,5,1,0,1,0,0,0,1,0,0,0,0,0,0,0,0,1
438,1,64,4,263,5,0,1,1,0,0,0,1,0,0,0,1,0,0,0,0,0
439,2,31,0,10,0,0,1,0,1,0,0,1,0,0,0,0,0,0,0,0,1
440,2,45,1,26,2,1,0,1,0,0,0,1,0,0,0,0,0,0,0,0,1
441,3,20,0,9,0,0,1,0,1,0,0,1,0,0,0,0,0,0,0,0,1
442,3,25,0,7,1,0,1,1,0,0,0,1,0,0,0,0,0,0,0,0,1
443,2,28,0,13,0,1,0,0,1,0,0,1,0,0,0,0,0,0,0,0,1
444,3,37,0,8,0,0,1,0,1,0,0,1,0,0,0,0,0,0,0,0,1
445,1,4,2,81,2,0,1,1,0,0,0,1,0,1,0,0,0,0,0,0,0
446,2,13,1,19,1,1,0,1,0,0,0,1,0,0,0,0,0,0,0,0,1
447,1,34,0,26,0,0,1,0,1,0,0,1,0,0,0,0,0,0,0,0,1
448,3,5,1,19,3,1,0,1,0,1,0,0,0,0,0,0,0,0,0,0,1
449,1,52,0,30,0,0,1,0,1,0,0,1,0,0,0,1,0,0,0,0,0
450,2,36,2,27,3,0,1,1,0,0,0,1,0,0,0,0,0,0,0,0,1
451,3,28,0,19,1,0,1,1,0,0,0,1,0,0,0,0,0,0,0,0,1
452,1,30,0,27,0,0,1,0,1,1,0,0,0,0,0,1,0,0,0,0,0
453,1,49,0,89,1,0,1,1,0,1,0,0,0,0,0,1,0,0,0,0,0
454,3,35,0,8,0,0,1,0,1,0,0,1,0,0,0,0,0,0,0,0,1
455,3,29,0,7,0,0,1,0,1,1,0,0,0,0,0,0,0,0,0,0,1
456,1,65,0,26,0,0,1,0,1,0,0,1,0,0,0,0,0,1,0,0,0
457,1,39,0,51,1,1,0,1,0,0,0,1,0,0,0,0,1,0,0,0,0
458,2,50,0,10,0,1,0,0,1,0,0,1,0,0,0,0,0,0,0,0,1
459,3,43,0,7,0,0,1,0,1,0,1,0,0,0,0,0,0,0,0,0,1
460,1,48,0,26,0,0,1,0,1,0,0,1,0,0,0,0,0,1,0,0,0
461,3,34,0,8,0,0,1,0,1,0,0,1,0,0,0,0,0,0,0,0,1
462,1,47,0,38,0,0,1,0,1,0,0,1,0,0,0,0,0,1,0,0,0
463,2,48,0,13,0,0,1,0,1,0,0,1,0,0,0,0,0,0,0,0,1
464,3,15,0,8,0,0,1,0,1,0,0,1,0,0,0,0,0,0,0,0,1
465,3,38,0,7,0,0,1,0,1,0,0,1,0,0,0,0,0,0,0,0,1
466,2,29,0,0,0,0,1,0,1,0,0,1,0,0,0,0,0,0,0,0,1
467,1,56,0,26,0,0,1,0,1,0,0,1,0,0,0,0,0,0,0,0,1
468,3,37,0,7,0,0,1,0,1,0,1,0,0,0,0,0,0,0,0,0,1
469,3,0,1,19,3,1,0,1,0,1,0,0,0,0,0,0,0,0,0,0,1
470,3,28,0,7,0,0,1,0,1,0,0,1,0,0,0,0,0,0,0,0,1
471,3,38,0,8,0,0,1,0,1,0,0,1,0,0,0,0,0,0,0,0,1
472,2,33,2,27,3,1,0,1,0,0,0,1,0,0,0,0,0,0,0,0,1
473,2,23,0,13,0,1,0,0,1,1,0,0,0,0,0,0,1,0,0,0,0
474,3,22,0,9,0,1,0,0,1,0,0,1,0,0,0,0,0,0,0,0,1
475,1,32,0,52,0,0,1,0,1,0,0,1,0,1,0,0,0,0,0,0,0
476,2,34,0,21,1,0,1,1,0,0,0,1,0,0,0,0,0,0,0,0,1
477,3,29,0,7,1,0,1,1,0,0,0,1,0,0,0,0,0,0,0,0,1
478,3,22,0,7,0,0,1,0,1,0,0,1,0,0,0,0,0,0,0,0,1
479,3,2,1,12,1,1,0,1,0,0,0,1,0,0,0,0,0,0,0,0,1
480,3,9,2,46,7,0,1,1,0,0,0,1,0,0,0,0,0,0,0,0,1
481,2,28,0,0,0,0,1,0,1,0,0,1,0,0,0,0,0,0,0,0,1
482,3,50,0,8,0,0,1,0,1,0,0,1,0,0,0,0,0,0,0,0,1
483,3,63,0,9,0,1,0,0,1,0,0,1,0,0,0,0,0,0,0,0,1
484,1,25,0,91,1,0,1,1,0,1,0,0,0,0,1,0,0,0,0,0,0
485,3,26,1,25,4,1,0,1,0,0,0,1,0,0,0,0,0,0,0,0,1
486,1,35,0,90,1,1,0,1,0,0,0,1,0,0,0,1,0,0,0,0,0
487,1,58,0,29,0,0,1,0,1,1,0,0,0,0,1,0,0,0,0,0,0
488,3,30,0,8,0,0,1,0,1,0,0,1,0,0,0,0,0,0,0,0,1
489,3,9,1,15,2,0,1,1,0,0,0,1,0,0,0,0,0,0,0,0,1
490,3,37,0,19,1,0,1,1,0,0,0,1,0,0,0,0,0,0,0,0,1
491,3,21,0,7,0,0,1,0,1,0,0,1,0,0,0,0,0,0,0,0,1
492,1,55,0,30,0,0,1,0,1,0,0,1,0,0,0,1,0,0,0,0,0
493,1,71,0,49,0,0,1,0,1,1,0,0,0,0,0,0,0,0,0,0,1
494,3,21,0,8,0,0,1,0,1,0,0,1,0,0,0,0,0,0,0,0,1
495,3,43,0,14,0,0,1,0,1,1,0,0,0,0,0,0,0,0,0,0,1
496,1,54,0,78,1,1,0,1,0,1,0,0,0,0,0,0,1,0,0,0,0
497,3,39,0,15,0,0,1,0,1,0,0,1,0,0,0,0,0,0,0,0,1
498,1,25,2,151,3,1,0,1,0,0,0,1,0,0,0,1,0,0,0,0,0
499,3,24,0,7,0,0,1,0,1,0,0,1,0,0,0,0,0,0,0,0,1
500,3,17,0,8,0,0,1,0,1,0,0,1,0,0,0,0,0,0,0,0,1
501,3,21,0,7,0,1,0,0,1,0,1,0,0,0,0,0,0,0,0,0,1
502,3,36,0,7,0,1,0,0,1,0,1,0,0,0,0,0,0,0,0,0,1
503,3,37,0,9,0,1,0,0,1,0,0,1,0,0,0,0,0,0,0,0,1
504,1,16,0,86,0,1,0,0,1,0,0,1,0,0,1,0,0,0,0,0,0
505,1,18,0,108,1,0,1,1,0,1,0,0,0,0,0,1,0,0,0,0,0
506,2,33,2,26,2,1,0,1,0,0,0,1,0,0,0,0,0,0,0,0,1
507,1,31,0,26,0,0,1,0,1,0,0,1,0,0,0,0,0,0,0,0,1
508,3,28,0,22,0,0,1,0,1,0,0,1,0,0,0,0,0,0,0,0,1
509,3,26,0,56,0,0,1,0,1,0,0,1,0,0,0,0,0,0,0,0,1
510,3,29,0,7,0,0,1,0,1,0,1,0,0,0,0,0,0,0,0,0,1
511,3,18,0,8,0,0,1,0,1,0,0,1,0,0,0,0,0,0,0,0,1
512,1,36,0,26,0,0,1,0,1,0,0,1,0,0,0,0,0,1,0,0,0
513,1,54,0,59,1,1,0,1,0,1,0,0,0,0,0,0,0,0,0,0,1
514,3,24,0,7,0,0,1,0,1,0,0,1,0,0,0,0,0,0,0,0,1
515,1,47,0,34,0,0,1,0,1,0,0,1,0,0,0,0,1,0,0,0,0
516,2,34,0,10,0,1,0,0,1,0,0,1,0,0,0,0,0,0,1,0,0
517,3,21,0,24,0,0,1,0,1,0,1,0,0,0,0,0,0,0,0,0,1
518,2,36,0,26,1,1,0,1,0,0,0,1,0,0,0,0,0,0,0,0,1
519,3,32,0,7,0,0,1,0,1,0,0,1,0,0,0,0,0,0,0,0,1
520,1,30,0,93,0,1,0,0,1,0,0,1,0,0,1,0,0,0,0,0,0
521,3,22,0,7,0,0,1,0,1,0,0,1,0,0,0,0,0,0,0,0,1
522,3,35,0,7,0,0,1,0,1,1,0,0,0,0,0,0,0,0,0,0,1
523,1,44,1,57,1,1,0,1,0,1,0,0,0,0,1,0,0,0,0,0,0
524,3,27,0,7,0,0,1,0,1,1,0,0,0,0,0,0,0,0,0,0,1
525,3,40,0,7,0,0,1,0,1,0,1,0,0,0,0,0,0,0,0,0,1
526,2,50,0,10,0,1,0,0,1,0,0,1,0,0,0,0,0,0,0,0,1
527,1,34,0,221,0,0,1,0,1,0,0,1,0,0,0,1,0,0,0,0,0
528,3,39,0,7,0,0,1,0,1,0,0,1,0,0,0,0,0,0,0,0,1
529,2,23,1,11,3,0,1,1,0,0,0,1,0,0,0,0,0,0,0,0,1
530,2,2,1,26,2,1,0,1,0,0,0,1,0,0,0,0,0,0,0,0,1
531,3,42,0,7,0,0,1,0,1,1,0,0,0,0,0,0,0,0,0,0,1
532,3,17,1,7,2,0,1,1,0,1,0,0,0,0,0,0,0,0,0,0,1
533,3,31,2,22,2,1,0,1,0,1,0,0,0,0,0,0,0,0,0,0,1
534,3,30,0,8,0,1,0,0,1,0,0,1,0,0,0,0,0,0,0,0,1
535,2,7,2,26,2,1,0,1,0,0,0,1,0,0,0,0,0,0,0,0,1
536,1,45,0,26,0,0,1,0,1,0,0,1,0,0,1,0,0,0,0,0,0
537,1,30,0,106,0,1,0,0,1,1,0,0,0,0,0,0,0,0,0,0,1
538,3,23,0,14,0,0,1,0,1,0,0,1,0,0,0,0,0,0,0,0,1
539,1,22,2,49,2,1,0,1,0,1,0,0,0,0,1,0,0,0,0,0,0
540,1,36,2,71,2,1,0,1,0,0,0,1,0,0,1,0,0,0,0,0,0
541,3,9,2,31,6,1,0,1,0,0,0,1,0,0,0,0,0,0,0,0,1
542,3,11,2,31,6,1,0,1,0,0,0,1,0,0,0,0,0,0,0,0,1
543,2,32,0,26,1,0,1,1,0,0,0,1,0,0,0,0,0,0,0,0,1
544,1,50,0,106,1,0,1,1,0,1,0,0,0,0,0,1,0,0,0,0,0
545,1,64,0,26,0,0,1,0,1,0,0,1,0,0,0,0,0,0,0,0,1
546,2,19,0,26,1,1,0,1,0,0,0,1,0,0,0,0,0,0,0,0,1
547,2,31,0,13,0,0,1,0,1,1,0,0,0,0,0,0,0,0,0,0,1
548,3,33,1,20,2,0,1,1,0,0,0,1,0,0,0,0,0,0,0,0,1
549,2,8,1,36,2,0,1,1,0,0,0,1,0,0,0,0,0,0,0,0,1
550,1,17,2,110,2,0,1,1,0,1,0,0,0,0,0,1,0,0,0,0,0
551,2,27,0,26,0,0,1,0,1,0,0,1,0,0,0,0,0,0,0,0,1
552,3,16,0,7,0,0,1,0,1,0,1,0,0,0,0,0,0,0,0,0,1
553,3,22,0,7,0,0,1,0,1,1,0,0,0,0,0,0,0,0,0,0,1
554,3,22,0,7,0,1,0,0,1,0,0,1,0,0,0,0,0,0,0,0,1
555,1,62,0,26,0,0,1,0,1,0,0,1,0,0,0,0,0,0,0,0,1
556,1,48,0,39,1,1,0,1,0,1,0,0,0,1,0,0,0,0,0,0,0
557,1,32,0,227,0,0,1,0,1,1,0,0,0,0,0,0,0,0,0,0,1
558,1,39,1,79,2,1,0,1,0,0,0,1,0,0,0,0,0,1,0,0,0
559,3,36,0,17,1,1,0,1,0,0,0,1,0,0,0,0,0,0,0,0,1
560,3,21,0,7,0,0,1,0,1,0,1,0,0,0,0,0,0,0,0,0,1
561,3,40,0,7,0,0,1,0,1,0,0,1,0,0,0,0,0,0,0,0,1
562,2,28,0,13,0,0,1,0,1,0,0,1,0,0,0,0,0,0,0,0,1
563,3,23,0,8,0,0,1,0,1,0,0,1,0,0,0,0,0,0,0,0,1
564,3,27,0,8,0,1,0,0,1,0,0,1,0,0,0,0,0,0,0,0,1
565,3,24,0,24,2,0,1,1,0,0,0,1,0,0,0,0,0,0,0,0,1
566,3,19,0,7,0,0,1,0,1,0,0,1,0,0,0,0,0,0,0,0,1
567,3,29,4,21,4,1,0,1,0,0,0,1,0,0,0,0,0,0,0,0,1
568,3,35,0,7,0,0,1,0,1,1,0,0,0,0,0,0,0,0,0,0,1
569,3,32,0,7,0,0,1,0,1,0,0,1,0,0,0,0,0,0,0,0,1
570,2,62,0,10,0,0,1,0,1,0,0,1,0,0,0,0,0,0,0,0,1
571,1,53,0,51,2,1,0,1,0,0,0,1,0,0,0,1,0,0,0,0,0
572,1,36,0,26,0,0,1,0,1,0,0,1,0,0,0,0,0,1,0,0,0
573,3,27,0,7,0,1,0,0,1,0,1,0,0,0,0,0,0,0,0,0,1
574,3,16,0,8,0,0,1,0,1,0,0,1,0,0,0,0,0,0,0,0,1
575,3,19,0,14,0,0,1,0,1,0,0,1,0,0,0,0,0,0,0,0,1
576,2,34,0,13,0,1,0,0,1,0,0,1,0,0,0,0,0,0,0,0,1
577,1,39,0,55,1,1,0,1,0,0,0,1,0,0,0,0,0,1,0,0,0
578,3,36,0,14,1,1,0,1,0,1,0,0,0,0,0,0,0,0,0,0,1
579,3,32,0,7,0,0,1,0,1,0,0,1,0,0,0,0,0,0,0,0,1
580,2,25,1,30,2,1,0,1,0,0,0,1,0,0,0,0,0,0,0,0,1
581,1,39,1,110,2,1,0,1,0,1,0,0,0,0,0,1,0,0,0,0,0
582,2,54,0,26,0,0,1,0,1,0,0,1,0,0,0,0,0,0,0,0,1
583,1,36,0,40,0,0,1,0,1,1,0,0,0,1,0,0,0,0,0,0,0
584,3,42,0,8,0,0,1,0,1,1,0,0,0,0,0,0,0,0,0,0,1
585,1,18,2,79,2,1,0,1,0,0,0,1,0,0,0,0,0,1,0,0,0
586,2,47,0,15,0,0,1,0,1,0,0,1,0,0,0,0,0,0,0,0,1
587,1,60,1,79,2,0,1,1,0,1,0,0,0,0,1,0,0,0,0,0,0
588,3,22,0,8,0,0,1,0,1,0,0,1,0,0,0,0,0,0,0,0,1
589,3,17,0,8,0,0,1,0,1,0,0,1,0,0,0,0,0,0,0,0,1
590,3,35,0,7,0,0,1,0,1,0,0,1,0,0,0,0,0,0,0,0,1
591,1,52,0,78,1,1,0,1,0,1,0,0,0,0,0,0,1,0,0,0,0
592,3,47,0,7,0,0,1,0,1,0,0,1,0,0,0,0,0,0,0,0,1
593,3,18,2,7,2,1,0,1,0,0,1,0,0,0,0,0,0,0,0,0,1
594,2,37,0,26,1,0,1,1,0,0,0,1,0,0,0,0,0,0,0,0,1
595,3,36,1,24,2,0,1,1,0,0,0,1,0,0,0,0,0,0,0,0,1
596,2,40,0,33,0,1,0,0,1,0,0,1,0,0,0,0,0,0,0,0,1
597,3,49,0,0,0,0,1,0,1,0,0,1,0,0,0,0,0,0,0,0,1
598,3,22,0,7,0,0,1,0,1,1,0,0,0,0,0,0,0,0,0,0,1
599,1,49,0,56,1,0,1,1,0,1,0,0,0,1,0,0,0,0,0,0,0
600,2,24,1,27,3,1,0,1,0,0,0,1,0,0,0,0,0,0,0,0,1
601,3,17,0,7,0,0,1,0,1,0,0,1,0,0,0,0,0,0,0,0,1
602,1,25,0,42,0,0,1,0,1,0,0,1,0,0,0,0,0,0,0,0,1
603,3,44,0,8,0,0,1,0,1,0,0,1,0,0,0,0,0,0,0,0,1
604,1,35,0,26,0,0,1,0,1,1,0,0,0,0,0,0,0,0,0,0,1
605,3,36,0,15,1,0,1,1,0,0,0,1,0,0,0,0,0,0,0,0,1
606,3,30,0,7,0,0,1,0,1,0,0,1,0,0,0,0,0,0,0,0,1
607,1,27,0,30,0,0,1,0,1,0,0,1,0,0,0,0,0,0,0,0,1
608,2,22,2,41,3,1,0,1,0,1,0,0,0,0,0,0,0,0,0,0,1
609,1,40,0,153,0,1,0,0,1,0,0,1,0,0,0,1,0,0,0,0,0
610,3,39,5,31,6,1,0,1,0,0,0,1,0,0,0,0,0,0,0,0,1
611,3,31,0,7,0,0,1,0,1,0,0,1,0,0,0,0,0,0,0,0,1
612,3,39,0,15,1,1,0,1,0,0,1,0,0,0,0,0,0,0,0,0,1
613,3,33,0,7,0,0,1,0,1,0,1,0,0,0,0,0,0,0,0,0,1
614,3,35,0,8,0,0,1,0,1,0,0,1,0,0,0,0,0,0,0,0,1
615,2,24,2,65,3,1,0,1,0,0,0,1,0,0,0,0,0,0,0,0,1
616,3,34,1,14,2,0,1,1,0,0,0,1,0,0,0,0,0,0,0,0,1
617,3,26,0,16,1,1,0,1,0,0,0,1,0,0,0,0,0,0,0,0,1
618,2,4,1,39,3,1,0,1,0,0,0,1,0,0,0,0,0,0,1,0,0
619,2,26,0,10,0,0,1,0,1,0,0,1,0,0,0,0,0,0,0,0,1
620,3,27,0,14,1,0,1,1,0,1,0,0,0,0,0,0,0,0,0,0,1
621,1,42,0,52,1,0,1,1,0,0,0,1,0,0,0,0,1,0,0,0,0
622,3,20,1,15,2,0,1,1,0,1,0,0,0,0,0,0,0,0,0,0,1
623,3,21,0,7,0,0,1,0,1,0,0,1,0,0,0,0,0,0,0,0,1
624,3,21,0,16,0,0,1,0,1,0,0,1,0,0,0,0,0,0,0,0,1
625,1,61,0,32,0,0,1,0,1,0,0,1,0,0,0,0,1,0,0,0,0
626,2,57,0,12,0,0,1,0,1,0,1,0,0,0,0,0,0,0,0,0,1
627,1,21,0,77,0,1,0,0,1,0,0,1,0,0,0,0,1,0,0,0,0
628,3,26,0,7,0,0,1,0,1,0,0,1,0,0,0,0,0,0,0,0,1
629,3,16,0,7,0,0,1,0,1,0,1,0,0,0,0,0,0,0,0,0,1
630,1,80,0,30,0,0,1,0,1,0,0,1,0,1,0,0,0,0,0,0,0
631,3,51,0,7,0,0,1,0,1,0,0,1,0,0,0,0,0,0,0,0,1
632,1,32,0,30,0,0,1,0,1,1,0,0,0,0,1,0,0,0,0,0,0
633,1,24,0,0,0,0,1,0,1,0,0,1,0,0,0,0,0,0,0,0,1
634,3,9,2,27,5,1,0,1,0,0,0,1,0,0,0,0,0,0,0,0,1
635,2,28,0,13,0,1,0,0,1,0,0,1,0,0,0,0,0,0,0,0,1
636,3,32,0,7,0,0,1,0,1,0,0,1,0,0,0,0,0,0,0,0,1
637,2,31,1,26,2,0,1,1,0,0,0,1,0,0,0,0,0,0,0,0,1
638,3,41,5,39,5,1,0,1,0,0,0,1,0,0,0,0,0,0,0,0,1
639,3,24,0,16,1,0,1,1,0,0,0,1,0,0,0,0,0,0,0,0,1
640,3,20,0,7,0,0,1,0,1,0,0,1,0,0,0,0,0,0,0,0,1
641,1,24,0,69,0,1,0,0,1,1,0,0,0,0,1,0,0,0,0,0,0
642,3,2,2,27,5,1,0,1,0,0,0,1,0,0,0,0,0,0,0,0,1
643,3,18,0,56,0,0,1,0,1,0,0,1,0,0,0,0,0,0,0,0,1
644,3,0,1,19,3,1,0,1,0,1,0,0,0,0,0,0,0,0,0,0,1
645,1,48,0,76,1,0,1,1,0,1,0,0,0,0,0,0,1,0,0,0,0
646,3,19,0,7,0,0,1,0,1,0,0,1,0,0,0,0,0,0,0,0,1
647,1,56,0,35,0,0,1,0,1,1,0,0,0,1,0,0,0,0,0,0,0
648,3,35,0,7,0,0,1,0,1,0,0,1,0,0,0,0,0,0,0,0,1
649,3,23,0,7,0,1,0,0,1,0,0,1,0,0,0,0,0,0,0,0,1
650,3,27,0,7,0,0,1,0,1,0,0,1,0,0,0,0,0,0,0,0,1
651,2,18,1,23,1,1,0,1,0,0,0,1,0,0,0,0,0,0,0,0,1
652,3,21,0,8,0,0,1,0,1,0,0,1,0,0,0,0,0,0,0,0,1
653,3,32,0,7,0,1,0,0,1,0,1,0,0,0,0,0,0,0,0,0,1
654,3,18,0,6,0,1,0,0,1,0,1,0,0,0,0,0,0,0,0,0,1
655,2,24,0,73,2,0,1,1,0,0,0,1,0,0,0,0,0,0,0,0,1
656,3,19,0,7,0,0,1,0,1,0,0,1,0,0,0,0,0,0,0,0,1
657,3,32,1,15,2,1,0,1,0,0,1,0,0,0,0,0,0,0,0,0,1
658,2,23,0,13,0,0,1,0,1,0,0,1,0,0,0,0,0,0,0,0,1
659,1,58,2,113,2,0,1,1,0,1,0,0,0,0,0,0,1,0,0,0,0
660,1,50,0,133,2,0,1,1,0,0,0,1,0,0,0,0,0,0,0,0,1
661,3,40,0,7,0,0,1,0,1,1,0,0,0,0,0,0,0,0,0,0,1
662,1,47,0,25,0,0,1,0,1,0,0,1,0,0,0,0,0,1,0,0,0
663,3,36,0,7,0,0,1,0,1,0,0,1,0,0,0,0,0,0,0,0,1
664,3,20,0,7,1,0,1,1,0,0,0,1,0,0,0,0,0,0,0,0,1
665,2,32,0,73,2,0,1,1,0,0,0,1,0,0,0,0,0,0,0,0,1
666,2,25,0,13,0,0,1,0,1,0,0,1,0,0,0,0,0,0,0,0,1
667,3,30,0,7,0,0,1,0,1,0,0,1,0,0,0,0,0,0,0,0,1
668,3,43,0,8,0,0,1,0,1,0,0,1,0,0,0,0,0,0,0,0,1
669,1,24,0,52,1,1,0,1,0,0,0,1,0,0,0,1,0,0,0,0,0
670,2,40,1,39,2,1,0,1,0,0,0,1,0,0,0,0,0,0,0,0,1
671,1,31,0,52,1,0,1,1,0,0,0,1,0,0,1,0,0,0,0,0,0
672,2,70,0,10,0,0,1,0,1,0,0,1,0,0,0,0,0,0,0,0,1
673,2,31,0,13,0,0,1,0,1,0,0,1,0,0,0,0,0,0,0,0,1
674,2,28,0,0,0,0,1,0,1,0,0,1,0,0,0,0,0,0,0,0,1
675,3,18,0,7,0,0,1,0,1,0,0,1,0,0,0,0,0,0,0,0,1
676,3,24,0,8,0,0,1,0,1,0,0,1,0,0,0,0,0,0,0,0,1
677,3,18,0,9,0,1,0,0,1,0,0,1,0,0,0,0,0,0,0,0,1
678,3,43,6,46,7,1,0,1,0,0,0,1,0,0,0,0,0,0,0,0,1
679,1,36,1,512,1,0,1,1,0,1,0,0,0,0,1,0,0,0,0,0,0
680,3,19,0,8,0,1,0,0,1,0,1,0,0,0,0,0,0,0,0,0,1
681,1,27,0,76,0,0,1,0,1,1,0,0,0,0,0,0,1,0,0,0,0
682,3,20,0,9,0,0,1,0,1,0,0,1,0,0,0,0,0,0,0,0,1
683,3,14,2,46,7,0,1,1,0,0,0,1,0,0,0,0,0,0,0,0,1
684,2,60,1,39,2,0,1,1,0,0,0,1,0,0,0,0,0,0,0,0,1
685,2,25,2,41,3,0,1,1,0,1,0,0,0,0,0,0,0,0,0,0,1
686,3,14,1,39,5,0,1,1,0,0,0,1,0,0,0,0,0,0,0,0,1
687,3,19,0,10,0,0,1,0,1,0,0,1,0,0,0,0,0,0,0,0,1
688,3,18,0,7,0,0,1,0,1,0,0,1,0,0,0,0,0,0,0,0,1
689,1,15,1,211,1,1,0,1,0,0,0,1,0,0,1,0,0,0,0,0,0
690,1,31,0,57,1,0,1,1,0,0,0,1,0,0,1,0,0,0,0,0,0
691,3,4,1,13,1,1,0,1,0,1,0,0,0,0,0,0,0,0,0,0,1
692,3,28,0,56,0,0,1,0,1,0,0,1,0,0,0,0,0,0,0,0,1
693,3,25,0,7,0,0,1,0,1,1,0,0,0,0,0,0,0,0,0,0,1
694,1,60,0,26,0,0,1,0,1,0,0,1,0,0,0,0,0,0,0,0,1
695,2,52,0,13,0,0,1,0,1,0,0,1,0,0,0,0,0,0,0,0,1
696,3,44,0,8,0,0,1,0,1,0,0,1,0,0,0,0,0,0,0,0,1
697,3,23,0,7,0,1,0,0,1,0,1,0,0,0,0,0,0,0,0,0,1
698,1,49,1,110,2,0,1,1,0,1,0,0,0,0,0,1,0,0,0,0,0
699,3,42,0,7,0,0,1,0,1,0,0,1,0,0,0,0,0,0,1,0,0
700,1,18,0,227,1,1,0,1,0,1,0,0,0,0,0,1,0,0,0,0,0
701,1,35,0,26,0,0,1,0,1,0,0,1,0,0,0,0,0,1,0,0,0
702,3,18,1,14,1,1,0,1,0,1,0,0,0,0,0,0,0,0,0,0,1
703,3,25,0,7,0,0,1,0,1,0,1,0,0,0,0,0,0,0,0,0,1
704,3,26,0,7,1,0,1,1,0,0,0,1,0,0,0,0,0,0,0,0,1
705,2,39,0,26,0,0,1,0,1,0,0,1,0,0,0,0,0,0,0,0,1
706,2,45,0,13,0,1,0,0,1,0,0,1,0,0,0,0,0,0,0,0,1
707,1,42,0,26,0,0,1,0,1,0,0,1,0,0,0,0,0,1,0,0,0
708,1,22,0,151,0,1,0,0,1,0,0,1,0,0,0,0,0,0,0,0,1
709,3,38,1,15,2,0,1,1,0,1,0,0,0,0,0,0,0,0,0,0,1
710,1,24,0,49,0,1,0,0,1,1,0,0,0,0,0,1,0,0,0,0,0
711,1,22,0,26,0,0,1,0,1,0,0,1,0,0,0,1,0,0,0,0,0
712,1,48,0,52,1,0,1,1,0,0,0,1,0,0,0,1,0,0,0,0,0
713,3,29,0,9,0,0,1,0,1,0,0,1,0,0,0,0,0,0,0,0,1
714,2,52,0,13,0,0,1,0,1,0,0,1,0,0,0,0,0,0,0,0,1
715,3,19,0,7,0,0,1,0,1,0,0,1,0,0,0,0,0,0,1,0,0
716,1,38,0,227,0,1,0,0,1,1,0,0,0,0,0,1,0,0,0,0,0
717,2,27,0,10,0,1,0,0,1,0,0,1,0,0,0,0,0,1,0,0,0
718,3,28,0,15,0,0,1,0,1,0,1,0,0,0,0,0,0,0,0,0,1
719,3,33,0,7,0,0,1,0,1,0,0,1,0,0,0,0,0,0,0,0,1
720,2,6,1,33,1,1,0,1,0,0,0,1,0,0,0,0,0,0,0,0,1
721,3,17,0,7,1,0,1,1,0,0,0,1,0,0,0,0,0,0,0,0,1
722,2,34,0,13,0,0,1,0,1,0,0,1,0,0,0,0,0,0,0,0,1
723,2,50,0,13,0,0,1,0,1,0,0,1,0,0,0,0,0,0,0,0,1
724,1,27,0,53,1,0,1,1,0,0,0,1,0,0,0,0,0,1,0,0,0
725,3,20,0,8,0,0,1,0,1,0,0,1,0,0,0,0,0,0,0,0,1
726,2,30,0,21,3,1,0,1,0,0,0,1,0,0,0,0,0,0,0,0,1
727,3,15,0,7,0,1,0,0,1,0,1,0,0,0,0,0,0,0,0,0,1
728,2,25,0,26,1,0,1,1,0,0,0,1,0,0,0,0,0,0,0,0,1
729,3,25,0,7,1,1,0,1,0,0,0,1,0,0,0,0,0,0,0,0,1
730,1,29,0,211,0,1,0,0,1,0,0,1,0,0,1,0,0,0,0,0,0
731,3,11,0,18,0,0,1,0,1,1,0,0,0,0,0,0,0,0,0,0,1
732,2,37,0,0,0,0,1,0,1,0,0,1,0,0,0,0,0,0,0,0,1
733,2,23,0,13,0,0,1,0,1,0,0,1,0,0,0,0,0,0,0,0,1
734,2,23,0,13,0,0,1,0,1,0,0,1,0,0,0,0,0,0,0,0,1
735,3,28,0,16,0,0,1,0,1,0,0,1,0,0,0,0,0,0,0,0,1
736,3,48,3,34,4,1,0,1,0,0,0,1,0,0,0,0,0,0,0,0,1
737,1,35,0,512,0,0,1,0,1,1,0,0,0,0,1,0,0,0,0,0,0
738,3,32,0,7,0,0,1,0,1,0,0,1,0,0,0,0,0,0,0,0,1
739,3,33,0,7,0,0,1,0,1,0,0,1,0,0,0,0,0,0,0,0,1
740,1,39,0,30,0,0,1,0,1,0,0,1,0,0,0,0,1,0,0,0,0
741,1,36,0,78,1,0,1,1,0,0,0,1,0,0,0,1,0,0,0,0,0
742,1,21,2,262,4,1,0,1,0,1,0,0,0,0,1,0,0,0,0,0,0
743,3,24,0,16,1,0,1,1,0,0,0,1,0,0,0,0,0,0,0,0,1
744,3,31,0,7,0,0,1,0,1,0,0,1,0,0,0,0,0,0,0,0,1
745,1,70,1,71,2,0,1,1,0,0,0,1,0,0,1,0,0,0,0,0,0
746,3,16,1,20,2,0,1,1,0,0,0,1,0,0,0,0,0,0,0,0,1
747,2,30,0,13,0,1,0,0,1,0,0,1,0,0,0,0,0,0,0,0,1
748,1,19,0,53,1,0,1,1,0,0,0,1,0,0,0,0,1,0,0,0,0
749,3,31,0,7,0,0,1,0,1,0,1,0,0,0,0,0,0,0,0,0,1
750,2,4,1,23,2,1,0,1,0,0,0,1,0,0,0,0,0,0,0,0,1
751,3,6,1,12,1,0,1,1,0,0,0,1,0,0,0,0,0,1,0,0,0
752,3,33,0,9,0,0,1,0,1,0,0,1,0,0,0,0,0,0,0,0,1
753,3,23,0,7,0,0,1,0,1,0,0,1,0,0,0,0,0,0,0,0,1
754,2,48,2,65,3,1,0,1,0,0,0,1,0,0,0,0,0,0,0,0,1
755,2,0,1,14,2,0,1,1,0,0,0,1,0,0,0,0,0,0,0,0,1
756,3,28,0,7,0,0,1,0,1,0,0,1,0,0,0,0,0,0,0,0,1
757,2,18,0,11,0,0,1,0,1,0,0,1,0,0,0,0,0,0,0,0,1
758,3,34,0,8,0,0,1,0,1,0,0,1,0,0,0,0,0,0,0,0,1
759,1,33,0,86,0,1,0,0,1,0,0,1,0,0,1,0,0,0,0,0,0
760,3,25,0,14,0,0,1,0,1,0,0,1,0,0,0,0,0,0,0,0,1
761,3,41,0,7,0,0,1,0,1,0,0,1,0,0,0,0,0,0,0,0,1
762,3,20,0,7,0,0,1,0,1,1,0,0,0,0,0,0,0,0,0,0,1
763,1,36,2,120,3,1,0,1,0,0,0,1,0,0,1,0,0,0,0,0,0
764,3,16,0,7,0,0,1,0,1,0,0,1,0,0,0,0,0,0,0,0,1
765,1,51,0,77,1,1,0,1,0,0,0,1,0,0,0,0,1,0,0,0,0
766,1,27,0,39,0,0,1,0,1,1,0,0,0,0,0,0,0,0,0,0,1
767,3,30,0,7,0,1,0,0,1,0,1,0,0,0,0,0,0,0,0,0,1
768,3,24,0,24,1,0,1,1,0,0,1,0,0,0,0,0,0,0,0,0,1
769,3,32,0,8,0,0,1,0,1,0,0,1,0,0,0,0,0,0,0,0,1
770,3,24,0,9,0,0,1,0,1,0,0,1,0,0,0,0,0,0,0,0,1
771,3,48,0,7,0,0,1,0,1,0,0,1,0,0,0,0,0,0,0,0,1
772,2,57,0,10,0,1,0,0,1,0,0,1,0,0,0,0,0,1,0,0,0
773,3,19,0,7,0,0,1,0,1,1,0,0,0,0,0,0,0,0,0,0,1
774,2,54,3,23,4,1,0,1,0,0,0,1,0,0,0,0,0,0,0,0,1
775,3,18,0,7,0,0,1,0,1,0,0,1,0,0,0,0,0,0,0,0,1
776,3,40,0,7,0,0,1,0,1,0,1,0,0,0,0,0,0,0,1,0,0
777,3,5,0,12,0,1,0,0,1,0,0,1,0,0,0,0,0,0,0,0,1
778,3,18,0,7,0,0,1,0,1,0,1,0,0,0,0,0,0,0,0,0,1
779,1,43,1,211,1,1,0,1,0,0,0,1,0,0,1,0,0,0,0,0,0
780,3,13,0,7,0,1,0,0,1,1,0,0,0,0,0,0,0,0,0,0,1
781,1,17,0,57,1,1,0,1,0,0,0,1,0,0,1,0,0,0,0,0,0
782,1,29,0,30,0,0,1,0,1,0,0,1,0,0,0,0,1,0,0,0,0
783,3,33,2,23,3,0,1,1,0,0,0,1,0,0,0,0,0,0,0,0,1
784,3,25,0,7,0,0,1,0,1,0,0,1,0,0,0,0,0,0,0,0,1
785,3,25,0,7,0,0,1,0,1,0,0,1,0,0,0,0,0,0,0,0,1
786,3,18,0,7,0,1,0,0,1,0,0,1,0,0,0,0,0,0,0,0,1
787,3,8,1,29,5,0,1,1,0,0,1,0,0,0,0,0,0,0,0,0,1
788,3,1,2,20,3,0,1,1,0,0,0,1,0,0,0,0,0,0,0,0,1
789,1,46,0,79,0,0,1,0,1,1,0,0,0,0,1,0,0,0,0,0,0
790,3,19,0,7,0,0,1,0,1,0,1,0,0,0,0,0,0,0,0,0,1
791,2,16,0,26,0,0,1,0,1,0,0,1,0,0,0,0,0,0,0,0,1
792,3,23,2,69,10,1,0,1,0,0,0,1,0,0,0,0,0,0,0,0,1
793,1,30,0,30,0,0,1,0,1,1,0,0,0,0,0,0,0,0,0,0,1
794,3,25,0,7,0,0,1,0,1,0,0,1,0,0,0,0,0,0,0,0,1
795,2,39,0,13,0,0,1,0,1,0,0,1,0,0,0,0,0,0,0,0,1
796,1,49,0,25,0,1,0,0,1,0,0,1,0,0,0,0,1,0,0,0,0
797,3,31,0,8,0,1,0,0,1,0,0,1,0,0,0,0,0,0,0,0,1
798,3,30,0,7,0,0,1,0,1,1,0,0,0,0,0,0,0,0,0,0,1
799,3,30,1,24,2,1,0,1,0,0,0,1,0,0,0,0,0,0,0,0,1
800,2,34,0,13,0,0,1,0,1,0,0,1,0,0,0,0,0,0,0,0,1
801,2,31,1,26,2,1,0,1,0,0,0,1,0,0,0,0,0,0,0,0,1
802,1,11,2,120,3,0,1,1,0,0,0,1,0,0,1,0,0,0,0,0,0
803,3,0,1,8,1,0,1,1,0,1,0,0,0,0,0,0,0,0,0,0,1
804,3,27,0,6,0,0,1,0,1,0,0,1,0,0,0,0,0,0,0,0,1
805,3,31,0,7,0,0,1,0,1,0,0,1,0,0,0,0,0,0,0,0,1
806,1,39,0,0,0,0,1,0,1,0,0,1,0,1,0,0,0,0,0,0,0
807,3,18,0,7,0,1,0,0,1,0,0,1,0,0,0,0,0,0,0,0,1
808,2,39,0,13,0,0,1,0,1,0,0,1,0,0,0,0,0,0,0,0,1
809,1,33,0,53,1,1,0,1,0,0,0,1,0,0,0,0,0,1,0,0,0
810,3,26,0,7,0,0,1,0,1,0,0,1,0,0,0,0,0,0,0,0,1
811,3,39,0,24,0,0,1,0,1,0,0,1,0,0,0,0,0,0,0,0,1
812,2,35,0,10,0,0,1,0,1,0,0,1,0,0,0,0,0,0,0,0,1
813,3,6,2,31,6,1,0,1,0,0,0,1,0,0,0,0,0,0,0,0,1
814,3,30,0,8,0,0,1,0,1,0,0,1,0,0,0,0,0,0,0,0,1
815,1,39,0,0,0,0,1,0,1,0,0,1,0,0,1,0,0,0,0,0,0
816,3,23,0,7,0,1,0,0,1,0,0,1,0,0,0,0,0,0,0,0,1
817,2,31,1,37,2,0,1,1,0,1,0,0,0,0,0,0,0,0,0,0,1
818,3,43,0,6,0,0,1,0,1,0,0,1,0,0,0,0,0,0,0,0,1
819,3,10,2,27,5,0,1,1,0,0,0,1,0,0,0,0,0,0,0,0,1
820,1,52,1,93,2,1,0,1,0,0,0,1,0,0,1,0,0,0,0,0,0
821,3,27,0,8,0,0,1,0,1,0,0,1,0,0,0,0,0,0,0,0,1
822,1,38,0,0,0,0,1,0,1,0,0,1,0,0,0,0,0,0,0,0,1
823,3,27,1,12,1,1,0,1,0,0,0,1,0,0,0,0,0,1,0,0,0
824,3,2,1,39,5,0,1,1,0,0,0,1,0,0,0,0,0,0,0,0,1
825,3,37,0,6,0,0,1,0,1,0,1,0,0,0,0,0,0,0,0,0,1
826,3,28,0,56,0,0,1,0,1,0,0,1,0,0,0,0,0,0,0,0,1
827,2,1,2,37,2,0,1,1,0,1,0,0,0,0,0,0,0,0,0,0,1
828,3,36,0,7,0,0,1,0,1,0,1,0,0,0,0,0,0,0,0,0,1
829,1,62,0,80,0,1,0,0,1,0,0,1,0,0,1,0,0,0,0,0,0
830,3,15,0,14,1,1,0,1,0,1,0,0,0,0,0,0,0,0,0,0,1
831,2,0,1,18,2,0,1,1,0,0,0,1,0,0,0,0,0,0,0,0,1
832,3,30,0,7,0,0,1,0,1,1,0,0,0,0,0,0,0,0,0,0,1
833,3,23,0,7,0,0,1,0,1,0,0,1,0,0,0,0,0,0,0,0,1
834,3,18,0,8,0,0,1,0,1,0,0,1,0,0,0,0,0,0,0,0,1
835,1,39,1,83,2,1,0,1,0,1,0,0,0,0,0,0,0,1,0,0,0
836,3,21,0,8,0,0,1,0,1,0,0,1,0,0,0,0,0,0,0,0,1
837,3,33,0,8,0,0,1,0,1,0,0,1,0,0,0,0,0,0,0,0,1
838,3,32,0,56,0,0,1,0,1,0,0,1,0,0,0,0,0,0,0,0,1
839,1,24,0,29,0,0,1,0,1,1,0,0,0,0,0,1,0,0,0,0,0
840,3,20,0,7,0,0,1,0,1,0,0,1,0,0,0,0,0,0,0,0,1
841,2,16,0,10,0,0,1,0,1,0,0,1,0,0,0,0,0,0,0,0,1
842,1,30,0,31,0,1,0,0,1,1,0,0,0,0,0,0,0,0,0,0,1
843,3,34,0,6,0,0,1,0,1,1,0,0,0,0,0,0,0,0,0,0,1
844,3,17,0,8,0,0,1,0,1,0,0,1,0,0,0,0,0,0,0,0,1
845,3,42,0,7,0,0,1,0,1,0,0,1,0,0,0,0,0,0,0,0,1
846,3,29,2,69,10,0,1,1,0,0,0,1,0,0,0,0,0,0,0,0,1
847,3,35,0,7,0,0,1,0,1,1,0,0,0,0,0,0,0,0,0,0,1
848,2,28,1,33,1,0,1,1,0,0,0,1,0,0,0,0,0,0,0,0,1
849,1,34,0,89,1,1,0,1,0,1,0,0,0,0,0,1,0,0,0,0,0
850,3,4,2,31,6,0,1,1,0,0,0,1,0,0,0,0,0,0,0,0,1
851,3,74,0,7,0,0,1,0,1,0,0,1,0,0,0,0,0,0,0,0,1
852,3,9,1,15,2,1,0,1,0,1,0,0,0,0,0,0,0,0,0,0,1
853,1,16,1,39,1,1,0,1,0,0,0,1,0,0,0,0,1,0,0,0,0
854,2,44,0,26,1,1,0,1,0,0,0,1,0,0,0,0,0,0,0,0,1
855,3,18,1,9,1,1,0,1,0,0,0,1,0,0,0,0,0,0,0,0,1
856,1,45,1,164,2,1,0,1,0,0,0,1,0,0,0,0,0,0,0,0,1
857,1,51,0,26,0,0,1,0,1,0,0,1,0,0,0,0,0,1,0,0,0
858,3,24,3,19,3,1,0,1,0,1,0,0,0,0,0,0,0,0,0,0,1
859,3,35,0,7,0,0,1,0,1,1,0,0,0,0,0,0,0,0,0,0,1
860,3,41,0,14,2,0,1,1,0,0,0,1,0,0,0,0,0,0,0,0,1
861,2,21,0,11,1,0,1,1,0,0,0,1,0,0,0,0,0,0,0,0,1
862,1,48,0,25,0,1,0,0,1,0,0,1,0,0,0,0,1,0,0,0,0
863,3,21,2,69,10,1,0,1,0,0,0,1,0,0,0,0,0,0,0,0,1
864,2,24,0,13,0,0,1,0,1,0,0,1,0,0,0,0,0,0,0,0,1
865,2,42,0,13,0,1,0,0,1,0,0,1,0,0,0,0,0,0,0,0,1
866,2,27,0,13,1,1,0,1,0,1,0,0,0,0,0,0,0,0,0,0,1
867,1,31,0,50,0,0,1,0,1,0,0,1,0,1,0,0,0,0,0,0,0
868,3,36,0,9,0,0,1,0,1,0,0,1,0,0,0,0,0,0,0,0,1
869,3,4,1,11,2,0,1,1,0,0,0,1,0,0,0,0,0,0,0,0,1
870,3,26,0,7,0,0,1,0,1,0,0,1,0,0,0,0,0,0,0,0,1
871,1,47,1,52,2,1,0,1,0,0,0,1,0,0,0,0,1,0,0,0,0
872,1,33,0,5,0,0,1,0,1,0,0,1,0,0,1,0,0,0,0,0,0
873,3,47,0,9,0,0,1,0,1,0,0,1,0,0,0,0,0,0,0,0,1
874,2,28,0,24,1,1,0,1,0,1,0,0,0,0,0,0,0,0,0,0,1
875,3,15,0,7,0,1,0,0,1,1,0,0,0,0,0,0,0,0,0,0,1
876,3,20,0,9,0,0,1,0,1,0,0,1,0,0,0,0,0,0,0,0,1
877,3,19,0,7,0,0,1,0,1,0,0,1,0,0,0,0,0,0,0,0,1
878,3,28,0,7,0,0,1,0,1,0,0,1,0,0,0,0,0,0,0,0,1
879,1,56,1,83,1,1,0,1,0,1,0,0,0,0,0,1,0,0,0,0,0
880,2,25,1,26,1,1,0,1,0,0,0,1,0,0,0,0,0,0,0,0,1
881,3,33,0,7,0,0,1,0,1,0,0,1,0,0,0,0,0,0,0,0,1
882,3,22,0,10,0,1,0,0,1,0,0,1,0,0,0,0,0,0,0,0,1
883,2,28,0,10,0,0,1,0,1,0,0,1,0,0,0,0,0,0,0,0,1
884,3,25,0,7,0,0,1,0,1,0,0,1,0,0,0,0,0,0,0,0,1
885,3,39,5,29,5,1,0,1,0,0,1,0,0,0,0,0,0,0,0,0,1
886,2,27,0,13,0,0,1,0,1,0,0,1,0,0,0,0,0,0,0,0,1
887,1,19,0,30,0,1,0,0,1,0,0,1,0,0,1,0,0,0,0,0,0
888,3,32,2,23,3,1,0,1,0,0,0,1,0,0,0,0,0,0,0,0,1
889,1,26,0,30,0,0,1,0,1,1,0,0,0,0,0,1,0,0,0,0,0
890,3,32,0,7,0,0,1,0,1,0,1,0,0,0,0,0,0,0,0,0,1
